<?xml version="1.0" encoding="UTF-8"?>
<project-private xmlns="http://www.netbeans.org/ns/project-private/1">
    <editor-bookmarks xmlns="http://www.netbeans.org/ns/editor-bookmarks/2" lastBookmarkId="0"/>
    <open-files xmlns="http://www.netbeans.org/ns/projectui-open-files/2">
        <group>
            <file>file:/home/fran/Escritorio/GIT/IPC-TenisClubApplication/TrabajoIPC/src/javafxmlapplication/ReservarPistaEspecifica.java</file>
            <file>file:/home/fran/Escritorio/GIT/IPC-TenisClubApplication/TrabajoIPC/src/javafxmlapplication/PaginaInicioController.java</file>
            <file>file:/home/fran/Escritorio/GIT/IPC-TenisClubApplication/TrabajoIPC/src/javafxmlapplication/RegistroUsuario.java</file>
            <file>file:/home/fran/Escritorio/GIT/IPC-TenisClubApplication/TrabajoIPC/src/javafxmlapplication/Item.java</file>
            <file>file:/home/fran/Escritorio/GIT/IPC-TenisClubApplication/TrabajoIPC/src/javafxmlapplication/ReservarPistas.java</file>
            <file>file:/home/fran/Escritorio/GIT/IPC-TenisClubApplication/TrabajoIPC/src/javafxmlapplication/IniciarSesion.java</file>
            <file>file:/home/fran/Escritorio/GIT/IPC-TenisClubApplication/TrabajoIPC/src/javafxmlapplication/Reserva.java</file>
            <file>file:/home/fran/Escritorio/GIT/IPC-TenisClubApplication/TrabajoIPC/src/javafxmlapplication/FXMLController.java</file>
            <file>file:/home/fran/Escritorio/GIT/IPC-TenisClubApplication/TrabajoIPC/src/javafxmlapplication/CambioDatos.java</file>
            <file>file:/home/fran/Escritorio/GIT/IPC-TenisClubApplication/TrabajoIPC/src/javafxmlapplication/JavaFXMLApplication.java</file>
            <file>file:/home/fran/Escritorio/GIT/IPC-TenisClubApplication/TrabajoIPC/src/javafxmlapplication/MisReservas.java</file>
            <file>file:/home/fran/Escritorio/GIT/IPC-TenisClubApplication/TrabajoIPC/src/javafxmlapplication/PaginaPrincipal.java</file>
        </group>
    </open-files>
</project-private>
